,id,label
0,16432,0
1,11559,0
2,7714,1
3,11576,0
4,10336,0
5,11249,0
6,11030,0
7,10292,0
8,13980,0
9,5558,0
10,22914,0
11,16872,0
12,7864,0
13,15943,0
14,4971,0
15,29939,0
16,30747,0
17,22528,0
18,6698,0
19,7052,0
20,12033,0
21,4556,0
22,7661,0
23,1085,1
24,1836,0
25,31735,1
26,8929,1
27,4309,0
28,3315,0
29,25248,0
30,12160,0
31,1683,0
32,26896,0
33,5261,0
34,23719,1
35,11944,0
36,31730,0
37,26842,0
38,13129,0
39,4994,1
40,29651,0
41,5169,1
42,27035,0
43,2413,1
44,30606,0
45,2035,0
46,1322,0
47,27815,0
48,3986,0
49,1564,0
50,7608,0
51,6883,0
52,31016,0
53,4366,0
54,467,1
55,3525,0
56,22423,0
57,29840,1
58,13323,0
59,9158,1
60,7347,1
61,5520,0
62,10152,0
63,32157,0
64,8246,0
65,1076,0
66,12587,0
67,2982,0
68,28565,0
69,28450,0
70,15766,0
71,26780,0
72,23442,0
73,12663,0
74,10280,0
75,672,0
76,2157,0
77,24058,0
78,26939,0
79,8127,0
80,27097,0
81,24334,0
82,18503,0
83,19630,0
84,11453,0
85,21523,1
86,3471,0
87,27694,0
88,1287,0
89,24392,0
90,3032,1
91,6258,1
92,6555,0
93,4368,0
94,28655,0
95,9084,0
96,558,1
97,5187,0
98,11970,0
99,12395,0
100,4629,0
101,10940,0
102,17576,0
103,16034,0
104,7421,0
105,7344,0
106,11033,0
107,17737,0
108,10173,0
109,12246,0
110,22659,0
111,3554,0
112,18698,0
113,22749,1
114,7560,1
115,12619,0
116,13087,0
117,11114,0
118,650,0
119,3095,0
120,9520,0
121,22718,0
122,5791,1
123,28722,0
124,19279,0
125,9234,0
126,8857,0
127,4371,0
128,14992,0
129,12571,0
130,12223,0
131,17373,0
132,9068,0
133,12920,0
134,10400,0
135,12718,0
136,3811,0
137,1607,0
138,15349,1
139,108,0
140,8386,0
141,4137,1
142,14149,0
143,1742,0
144,6512,1
145,912,1
146,26449,0
147,6285,0
148,4670,1
149,6476,0
150,1374,0
151,15260,0
152,15751,0
153,14562,0
154,1388,1
155,13970,0
156,31920,0
157,2027,0
158,23758,0
159,14352,1
160,1044,0
161,2303,0
162,30788,1
163,24945,0
164,5622,0
165,7666,0
166,10135,0
167,10086,0
168,14715,0
169,2916,1
170,6505,0
171,25645,0
172,30013,0
173,2178,0
174,14796,1
175,6552,0
176,17753,0
177,5627,1
178,8172,0
179,15416,0
180,16606,0
181,21104,1
182,24439,0
183,12086,0
184,8119,0
185,10590,1
186,23428,0
187,16933,0
188,21046,0
189,2077,1
190,27150,1
191,10305,1
192,5625,0
193,5793,0
194,30562,0
195,7691,1
196,14653,0
197,18235,1
198,1117,0
199,2739,1
200,29970,0
201,15571,1
202,24718,1
203,5971,0
204,4338,0
205,3343,0
206,15120,0
207,6959,0
208,14148,1
209,3896,0
210,2000,0
211,13835,0
212,1513,0
213,13942,0
214,30425,0
215,6472,0
216,3838,0
217,7509,1
218,25448,0
219,721,1
220,3193,0
221,17419,1
222,8568,0
223,18985,0
224,21389,0
225,23950,0
226,12049,1
227,19319,0
228,29434,1
229,24209,0
230,25693,0
231,1065,0
232,10193,1
233,7272,0
234,24730,0
235,29832,0
236,5790,0
237,2538,0
238,31928,0
239,3992,0
240,18797,1
241,10407,0
242,31103,0
243,26178,1
244,4492,0
245,31995,1
246,13258,0
247,30261,0
248,15448,0
249,14404,0
250,17101,1
251,11050,0
252,14763,0
253,22802,0
254,31979,1
255,14793,0
256,15330,0
257,22669,0
258,30675,0
259,6829,0
260,13641,0
261,11763,0
262,15270,1
263,5212,0
264,4804,0
265,1120,0
266,12345,0
267,15347,0
268,6850,0
269,13416,0
270,20835,1
271,600,1
272,23712,0
273,15853,0
274,2135,0
275,7549,0
276,13734,0
277,14676,0
278,28892,0
279,1933,0
280,7196,0
281,25714,0
282,9153,0
283,18128,0
284,17382,0
285,18847,1
286,422,0
287,7391,0
288,1301,0
289,3606,0
290,26179,0
291,18897,0
292,15534,0
293,13354,0
294,11383,0
295,3320,0
296,7489,0
297,4590,0
298,32424,1
299,28761,0
300,3279,0
301,31479,0
302,6360,1
303,13491,0
304,19500,0
305,15590,1
306,18653,0
307,16308,0
308,32505,0
309,26429,0
310,5301,0
311,2947,0
312,3185,0
313,5093,0
314,7926,0
315,28944,0
316,4375,0
317,29757,0
318,423,0
319,15067,0
320,23747,0
321,21023,0
322,13419,0
323,16443,0
324,25262,0
325,5124,0
326,2120,0
327,12987,0
328,5772,0
329,2949,0
330,9581,1
331,8336,0
332,20139,0
333,12942,0
334,24243,0
335,30175,0
336,15531,1
337,8905,0
338,4943,0
339,6791,0
340,5086,0
341,17920,0
342,31059,1
343,10345,0
344,13924,0
345,567,0
346,20586,0
347,155,0
348,3156,0
349,20572,1
350,7853,0
351,5558,0
352,2734,0
353,4530,0
354,27353,0
355,28318,1
356,10456,0
357,25580,0
358,16300,0
359,25028,0
360,25159,0
361,14020,0
362,26997,0
363,5467,0
364,16107,1
365,3985,0
366,21081,0
367,7904,0
368,1939,0
369,12424,0
370,15028,0
371,5594,0
372,15264,1
373,5601,0
374,23597,0
375,23390,0
376,6504,0
377,2345,1
378,16086,0
379,23562,0
380,1702,0
381,9478,0
382,335,0
383,31008,0
384,9088,0
385,2357,0
386,32491,0
387,8712,0
388,19671,0
389,5889,1
390,18408,1
391,1054,0
392,27336,0
393,8276,1
394,31857,0
395,1645,0
396,6898,0
397,884,0
398,8730,0
399,2217,1
400,24513,0
401,3666,0
402,12098,0
403,25790,1
404,5603,0
405,8403,1
406,1039,0
407,13440,1
408,17280,0
409,18536,0
410,480,0
411,3364,0
412,251,0
413,4031,0
414,9658,0
415,1991,0
416,5203,0
417,7832,0
418,17486,0
419,24357,0
420,5241,0
421,3813,1
422,4297,0
423,8367,1
424,32276,0
425,5593,0
426,28777,0
427,4451,0
428,19720,0
429,7638,1
430,32459,0
431,19002,1
432,3224,1
433,1874,1
434,7559,0
435,26101,0
436,3533,0
437,6880,1
438,1423,0
439,20503,0
440,9482,1
441,1882,0
442,21948,0
443,29250,0
444,32260,1
445,6484,0
446,4846,0
447,452,1
448,16615,0
449,12481,0
450,3817,0
451,7805,0
452,20004,0
453,13669,0
454,27627,0
455,28347,0
456,10115,0
457,15160,0
458,15855,0
459,15617,0
460,18290,0
461,12536,0
462,14438,1
463,357,1
464,7833,0
465,25215,1
466,30753,0
467,9249,0
468,1788,0
469,30142,0
470,7064,0
471,30633,0
472,24712,0
473,12154,1
474,12520,0
475,27445,0
476,20058,0
477,6084,1
478,13060,1
479,14391,0
480,20148,0
481,8506,0
482,27819,0
483,16316,0
484,29108,0
485,29648,0
486,24460,0
487,21792,1
488,31343,0
489,30945,1
490,6249,0
491,10839,0
492,15000,0
493,12324,1
494,11111,0
495,15669,0
496,14558,1
497,6189,0
498,11,0
499,14996,0
500,7801,0
501,30868,0
502,31946,0
503,24093,0
504,3350,0
505,847,1
506,18000,0
507,3474,0
508,16133,0
509,19765,0
510,5411,0
511,10005,0
512,15465,0
513,5569,1
514,15873,0
515,24701,0
516,13693,0
517,9395,0
518,28026,0
519,6147,0
520,12774,0
521,3790,0
522,10376,1
523,23017,0
524,6926,0
525,15795,0
526,18110,0
527,2680,0
528,1705,0
529,27758,0
530,7382,0
531,3712,1
532,14484,0
533,29211,0
534,3346,1
535,3622,0
536,29764,0
537,29291,0
538,9884,0
539,204,0
540,1425,0
541,716,0
542,4473,0
543,8259,0
544,10811,1
545,3473,0
546,2593,1
547,30665,0
548,21521,0
549,30294,0
550,20577,0
551,15554,0
552,19551,0
553,23126,0
554,3552,0
555,2335,0
556,4456,0
557,17707,0
558,5277,0
559,15205,0
560,19736,0
561,19260,0
562,13200,0
563,22120,0
564,8596,0
565,28312,0
566,5864,0
567,3038,0
568,18685,0
569,6652,0
570,30796,0
571,14905,0
572,224,0
573,21562,0
574,19642,0
575,15791,1
576,31321,1
577,4463,0
578,14589,1
579,22409,0
580,31436,0
581,5664,1
582,12658,0
583,4479,0
584,7260,0
585,5098,0
586,27071,0
587,4577,0
588,31189,0
589,14308,0
590,29618,0
591,23929,0
592,5619,0
593,9889,0
594,1781,0
595,15009,1
596,17597,0
597,8562,0
598,7318,0
599,4558,0
600,5607,0
601,12566,1
602,12653,0
603,20241,0
604,20170,0
605,6932,0
606,21327,0
607,21268,1
608,3936,0
609,4868,0
610,3629,0
611,27435,0
612,4808,0
613,1733,0
614,29491,0
615,633,0
616,9535,0
617,7642,1
618,28685,0
619,20412,0
620,11642,0
621,26528,0
622,13299,0
623,6562,0
624,32512,0
625,9570,0
626,2999,0
627,8985,0
628,5754,0
629,1176,0
630,6825,1
631,29422,0
632,25326,0
633,30508,0
634,24778,1
635,18328,1
636,799,1
637,13105,1
638,26156,1
639,27964,0
640,3101,0
641,22174,0
642,11440,0
643,436,0
644,7196,0
645,19594,0
646,13642,0
647,10332,0
648,846,0
649,6488,0
650,10031,0
651,22134,1
652,5624,0
653,31529,0
654,5417,1
655,25838,0
656,3194,0
657,27570,0
658,7282,0
659,15348,0
660,24371,0
661,3793,0
662,3838,0
663,5495,0
664,24770,0
665,9810,0
666,27640,1
667,371,0
668,16123,0
669,369,0
670,9459,0
671,12430,1
672,26904,0
673,14958,0
674,11667,0
675,2585,0
676,16009,0
677,4331,0
678,1401,0
679,21775,0
680,10983,0
681,20455,0
682,3184,0
683,15105,0
684,20916,0
685,1646,1
686,14782,0
687,16162,1
688,19952,0
689,10188,0
690,13036,0
691,11320,0
692,1438,0
693,27605,1
694,3770,0
695,14740,0
696,17646,0
697,24494,0
698,12876,0
699,12571,0
700,1964,0
701,27809,0
702,14046,0
703,893,0
704,14200,0
705,13143,0
706,9472,0
707,5334,0
708,8950,0
709,27646,1
710,10501,1
711,16266,0
712,9483,0
713,22196,0
714,1832,0
715,10759,0
716,4866,0
717,13409,0
718,28608,0
719,17825,0
720,9283,0
721,12739,0
722,7338,0
723,26711,0
724,1099,0
725,14425,0
726,14476,1
727,11108,0
728,6904,0
729,28871,0
730,14871,1
731,4657,0
732,13240,0
733,2231,1
734,27290,0
735,10997,1
736,17303,0
737,18603,0
738,3578,0
739,4452,0
740,25560,0
741,5208,0
742,28940,1
743,19966,0
744,670,0
745,10183,0
746,11154,0
747,20246,0
748,31243,0
749,27260,0
750,29127,0
751,15174,0
752,8091,0
753,11368,0
754,27412,0
755,24951,0
756,23781,0
757,8569,0
758,29378,0
759,3073,0
760,13557,0
761,31895,0
762,12091,0
763,11806,0
764,3943,0
765,10988,0
766,25506,0
767,29558,1
768,2258,0
769,15824,0
770,7696,0
771,387,0
772,11682,0
773,26912,0
774,15070,0
775,25996,0
776,16026,0
777,15454,0
778,6624,0
779,13089,0
780,8130,0
781,17540,0
782,9663,0
783,7429,0
784,6278,0
785,19441,0
786,10566,0
787,20871,0
788,4034,0
789,30519,0
790,22897,0
791,1685,0
792,6438,0
793,32333,0
794,662,0
795,15681,0
796,4416,0
797,10859,0
798,13660,1
799,20459,0
800,7261,0
801,17834,0
802,11781,0
803,2329,0
804,10897,0
805,6156,0
806,3251,0
807,12548,0
808,12938,0
809,31546,0
810,11814,0
811,14586,1
812,32466,1
813,4808,0
814,2810,0
815,136,0
816,3391,0
817,6164,0
818,10535,0
819,4893,0
820,10658,0
821,9219,0
822,6682,0
823,3021,0
824,26385,1
825,15304,0
826,25958,0
827,26006,0
828,18561,0
829,9362,0
830,23056,0
831,11292,0
832,11930,0
833,17267,0
834,19979,0
835,19083,0
836,19048,0
837,17595,0
838,13413,0
839,514,0
840,29605,1
841,28427,0
842,21650,0
843,28217,0
844,19988,0
845,31567,0
846,17369,0
847,2753,0
848,823,0
849,5689,0
850,10665,0
851,19195,0
852,11205,1
853,8849,0
854,7570,0
855,4457,0
856,10936,1
857,23084,0
858,29684,0
859,7057,0
860,19096,0
861,19118,0
862,24455,0
863,5151,0
864,29396,0
865,8804,0
866,5564,0
867,22175,1
868,22355,0
869,2987,1
870,20777,0
871,1086,1
872,29568,0
873,5490,0
874,737,0
875,9462,0
876,7575,0
877,2744,0
878,30953,0
879,9190,1
880,29269,0
881,9025,0
882,7818,0
883,15150,0
884,32358,0
885,2370,0
886,4184,1
887,19843,0
888,17680,0
889,7191,0
890,27693,0
891,4002,0
892,18649,0
893,26138,1
894,73,0
895,21369,0
896,1368,0
897,16185,1
898,2460,0
899,9274,0
900,10262,0
901,6700,0
902,15103,0
903,29929,0
904,12864,0
905,18876,0
906,10599,0
907,14978,0
908,16459,0
909,25650,0
910,11330,0
911,488,1
912,5478,0
913,6267,0
914,19900,1
915,13161,1
916,12899,0
917,11591,0
918,2671,0
919,12640,1
920,6753,0
921,6340,0
922,12425,0
923,25016,1
924,222,0
925,16922,0
926,14096,1
927,32252,0
928,27239,0
929,26884,0
930,8794,0
931,4713,0
932,7710,0
933,5719,1
934,718,0
935,4803,0
936,31524,0
937,8365,0
938,23951,0
939,8069,0
940,5032,0
941,28591,0
942,5781,1
943,29635,1
944,3944,0
945,9447,0
946,1,0
947,2911,0
948,25684,1
949,5196,0
950,9060,0
951,16083,1
952,15157,0
953,16386,0
954,10338,0
955,13696,0
956,16,0
957,11486,0
958,16416,0
959,15281,0
960,21286,0
961,17251,0
962,9254,0
963,10888,0
964,15776,0
965,22617,0
966,22814,0
967,23451,0
968,7441,1
969,10155,1
970,5306,0
971,17058,0
972,11260,0
973,8807,0
974,6198,1
975,9085,0
976,13489,0
977,10537,0
978,32319,0
979,11140,0
980,11501,0
981,14072,0
982,970,0
983,8173,1
984,171,0
985,25503,1
986,787,0
987,28616,0
988,8238,1
989,2076,1
990,7070,0
991,2942,0
992,9775,0
993,16129,0
994,30532,0
995,19837,0
996,4271,0
997,5779,0
998,8923,0
999,2636,0
1000,3443,0
1001,10564,0
1002,7502,0
1003,4092,0
1004,4328,0
1005,28900,0
1006,27959,0
1007,25223,0
1008,15228,1
1009,30400,0
1010,4068,0
1011,14275,0
1012,31556,0
1013,2218,0
1014,16098,0
1015,11736,0
1016,22496,0
1017,12392,0
1018,234,0
1019,13760,0
1020,16682,1
1021,5593,0
1022,13723,0
1023,13063,0
1024,7453,0
1025,25535,0
1026,15149,0
1027,18481,0
1028,7110,0
1029,19127,1
1030,12252,0
1031,10626,0
1032,19596,0
1033,6085,0
1034,2362,0
1035,3457,0
1036,15168,0
1037,398,0
1038,14451,0
1039,6339,0
1040,19241,0
1041,20423,1
1042,2512,1
1043,10058,0
1044,6509,1
1045,3591,0
1046,2474,0
1047,11704,0
1048,8914,0
1049,3848,0
1050,9736,1
1051,24835,1
1052,16178,0
1053,1516,0
1054,5358,0
1055,29060,0
1056,17307,0
1057,27610,1
1058,13356,0
1059,26342,0
1060,15504,0
1061,24362,0
1062,21087,0
1063,17827,0
1064,18543,0
1065,12648,0
1066,5148,0
1067,12521,0
1068,9464,1
1069,11252,0
1070,16194,0
1071,12659,0
1072,9744,0
1073,19239,0
1074,28906,0
1075,24516,0
1076,4417,0
1077,15473,0
1078,14926,0
1079,18165,0
1080,23998,0
1081,1227,0
1082,12630,0
1083,13727,0
1084,28541,0
1085,20604,0
1086,6226,0
1087,19031,0
1088,29708,0
1089,12849,0
1090,32405,0
1091,661,0
1092,5995,0
1093,20562,0
1094,3252,0
1095,29595,0
1096,12303,0
1097,13442,0
1098,16206,0
1099,7405,0
1100,163,0
1101,19301,0
1102,8076,0
1103,12675,0
1104,5403,0
1105,31181,0
1106,2395,0
1107,8308,0
1108,17694,0
1109,26242,0
1110,4207,0
1111,4300,0
1112,30489,0
1113,15145,0
1114,9888,0
1115,27337,0
1116,5570,1
1117,14258,0
1118,24173,0
1119,1108,0
1120,4780,1
1121,14339,0
1122,3601,0
1123,483,1
1124,19930,0
1125,910,0
1126,9603,0
1127,3381,0
1128,18984,0
1129,22209,0
1130,14983,1
1131,10016,0
1132,12977,1
1133,24281,0
1134,10945,0
1135,6743,0
1136,9406,0
1137,5024,0
1138,12946,0
1139,30354,0
1140,9246,0
1141,18908,0
1142,9781,1
1143,8375,0
1144,29570,0
1145,24604,0
1146,46,0
1147,1398,0
1148,931,1
1149,27366,0
1150,6159,0
1151,9006,0
1152,6946,0
1153,28135,0
1154,336,0
1155,30950,0
1156,7291,0
1157,30888,0
1158,6458,0
1159,2985,0
1160,12417,0
1161,3922,0
1162,4697,0
1163,22945,0
1164,230,0
1165,1772,0
1166,15991,0
1167,12432,0
1168,27190,0
1169,16311,0
1170,15470,0
1171,21194,0
1172,21244,0
1173,12820,0
1174,791,0
1175,18804,0
1176,3190,1
1177,8086,0
1178,11885,0
1179,11634,1
1180,3051,0
1181,10226,0
1182,2288,0
1183,23827,0
1184,11540,0
1185,1389,0
1186,9614,0
1187,5431,0
1188,8725,0
1189,4848,1
1190,4315,0
1191,12674,0
1192,17456,0
1193,29609,1
1194,4631,0
1195,2801,0
1196,1866,0
1197,1996,0
1198,24887,0
1199,21206,0
1200,31762,0
1201,119,0
1202,9608,0
1203,13483,1
1204,208,0
1205,7193,0
1206,4469,0
1207,2907,0
1208,10371,0
1209,444,0
1210,24381,1
1211,26011,1
1212,9718,0
1213,29920,0
1214,738,0
1215,9532,1
1216,143,0
1217,15423,0
1218,15563,1
1219,5469,0
1220,25658,0
1221,5385,0
1222,8344,0
1223,11872,0
1224,11528,0
1225,7146,0
1226,3396,0
1227,28161,0
1228,21621,0
1229,7855,0
1230,28522,0
1231,30736,1
1232,31593,0
1233,6160,0
1234,15116,0
1235,15908,0
1236,2754,0
1237,10984,0
1238,10052,0
1239,14746,0
1240,14374,0
1241,16144,0
1242,10092,0
1243,3531,0
1244,30202,0
1245,7275,0
1246,20744,1
1247,14035,0
1248,4660,0
1249,4302,0
1250,3423,0
1251,14852,0
1252,5515,0
1253,27786,0
1254,16892,0
1255,1012,1
1256,4847,0
1257,27691,0
1258,2511,0
1259,700,0
1260,11076,0
1261,15721,0
1262,15272,0
1263,29345,0
1264,10407,0
1265,3447,1
1266,24931,0
1267,13440,0
1268,13236,0
1269,28440,0
1270,7619,0
1271,12878,0
1272,12789,0
1273,1776,0
1274,12271,0
1275,105,0
1276,12323,0
1277,272,0
1278,9261,0
1279,2815,0
1280,19128,0
1281,21490,0
1282,31927,0
1283,7252,0
1284,13787,0
1285,7580,0
1286,9774,0
1287,28766,0
1288,30846,0
1289,28093,0
1290,24961,0
1291,24329,0
1292,8044,0
1293,12242,0
1294,5387,0
1295,8449,0
1296,6598,0
1297,11218,0
1298,26601,0
1299,22694,1
1300,6115,0
1301,26714,0
1302,27472,1
1303,27221,1
1304,5255,1
1305,28356,0
1306,26514,0
1307,13615,0
1308,921,0
1309,5827,0
1310,5851,0
1311,22899,0
1312,6920,0
1313,11101,0
1314,9544,0
1315,2093,0
1316,7684,0
1317,2813,0
1318,13993,0
1319,15602,0
1320,15818,0
1321,27409,0
1322,26547,0
1323,4214,0
1324,11075,0
1325,20913,0
1326,14284,0
1327,12053,0
1328,14586,1
1329,9087,1
1330,10641,0
1331,2992,0
1332,3576,0
1333,15984,0
1334,5474,0
1335,14917,0
1336,9408,0
1337,8803,0
1338,8052,0
1339,11903,0
1340,433,0
1341,6942,0
1342,36,0
1343,8059,0
1344,16707,1
1345,13187,0
1346,7412,1
1347,20947,0
1348,12735,0
1349,13160,0
1350,16065,1
1351,17079,1
1352,2928,0
1353,12740,0
1354,5456,0
1355,24430,0
1356,8405,0
1357,11139,0
1358,24438,0
1359,21325,0
1360,31447,0
1361,31779,0
1362,1150,0
1363,3984,0
1364,2591,0
1365,10275,1
1366,444,0
1367,13052,0
1368,10055,0
1369,25177,0
1370,10246,0
1371,7052,0
1372,3504,0
1373,8973,0
1374,17785,0
1375,14865,0
1376,24107,0
1377,3584,0
1378,8306,0
1379,3586,1
1380,2082,0
1381,3262,0
1382,2842,0
1383,10721,0
1384,1198,0
1385,3816,0
1386,9559,0
1387,4123,0
1388,7673,0
1389,30160,0
1390,15312,1
1391,11165,0
1392,24258,0
1393,28231,0
1394,2183,0
1395,25611,1
1396,16839,0
1397,11968,0
1398,2446,0
1399,27082,1
1400,31,0
1401,13718,0
1402,19155,0
1403,4984,0
1404,15080,0
1405,31628,1
1406,31256,1
1407,15928,0
1408,15522,1
1409,27088,0
1410,23760,0
1411,10301,0
1412,15010,0
1413,3558,1
1414,8398,0
1415,11507,0
1416,28166,0
1417,12863,0
1418,8857,0
1419,16315,0
1420,14215,0
1421,27879,0
1422,5849,0
1423,22294,0
1424,5605,0
1425,14501,0
1426,10742,0
1427,6998,0
1428,6024,1
1429,30926,0
1430,12679,0
1431,5580,0
1432,2878,0
1433,23319,0
1434,21338,0
1435,11116,1
1436,7260,0
1437,14844,0
1438,14593,0
1439,7044,0
1440,11478,0
1441,26901,0
1442,24584,0
1443,27606,0
1444,38,0
1445,5997,0
1446,20706,0
1447,29458,0
1448,24806,0
1449,25172,0
1450,4082,0
1451,29055,0
1452,9114,0
1453,29380,0
1454,2522,0
1455,6422,0
1456,9172,0
1457,21638,0
1458,13711,0
1459,10142,0
1460,4220,0
1461,13894,0
1462,7656,0
1463,20078,0
1464,12455,0
1465,7762,0
1466,7868,0
1467,4178,0
1468,17417,0
1469,32095,0
1470,4024,1
1471,13760,0
1472,11224,0
1473,4523,0
1474,2056,0
1475,19582,0
1476,1786,0
1477,23875,0
1478,11282,0
1479,10346,1
1480,10755,0
1481,23186,0
1482,152,0
1483,12505,0
1484,23675,0
1485,9688,0
1486,18204,0
1487,94,1
1488,7132,0
1489,1115,0
1490,27389,0
1491,28736,0
1492,25985,0
1493,3217,0
1494,26565,0
1495,24150,0
1496,25667,1
1497,5351,1
1498,25986,0
1499,3146,0
1500,26307,1
1501,13900,0
1502,8333,0
1503,15190,0
1504,17026,0
1505,6480,0
1506,21707,0
1507,618,0
1508,8733,0
1509,19049,0
1510,15861,0
1511,10989,0
1512,25233,0
1513,7245,0
1514,18803,0
1515,19368,0
1516,11123,0
1517,16579,0
1518,7794,0
1519,3889,0
1520,25173,0
1521,5104,0
1522,20842,0
1523,8669,0
1524,18192,0
1525,4444,0
1526,1350,0
1527,32168,0
1528,3688,0
1529,30568,0
1530,2143,0
1531,10370,0
1532,29110,0
1533,3029,0
1534,9262,0
1535,454,0
1536,3002,0
1537,1868,0
1538,7760,0
1539,9330,0
1540,6536,0
1541,29208,1
1542,1739,0
1543,14110,1
1544,21572,0
1545,19315,0
1546,5874,0
1547,18288,0
1548,32,0
1549,986,1
1550,16686,0
1551,8824,1
1552,3267,0
1553,354,0
1554,19167,0
1555,32325,0
1556,12864,1
1557,11237,1
1558,26532,0
1559,11362,0
1560,20408,0
1561,11349,0
1562,13538,0
1563,2523,0
1564,16820,0
1565,19870,0
1566,18372,0
1567,31579,0
1568,4992,0
1569,14889,0
1570,797,0
1571,5127,0
1572,20733,0
1573,8744,0
1574,28114,0
1575,31756,0
1576,3742,0
1577,7951,0
1578,14889,0
1579,19033,0
1580,8314,0
1581,18173,0
1582,801,0
1583,2537,0
1584,4184,0
1585,21249,0
1586,30844,0
1587,13369,0
1588,11812,1
1589,4025,0
1590,24793,0
1591,24664,0
1592,7770,0
1593,29138,1
1594,14864,0
1595,9453,0
1596,3585,0
1597,14714,0
1598,5172,0
1599,5768,0
1600,18611,0
1601,25010,0
1602,10495,0
1603,7035,0
1604,15504,0
1605,18781,0
1606,9584,0
1607,26617,0
1608,764,0
1609,17583,1
1610,3395,1
1611,15586,1
1612,3065,0
1613,9604,0
1614,14424,0
1615,13830,0
1616,11951,0
1617,14115,0
1618,11066,0
1619,8450,0
1620,15352,0
1621,10568,0
1622,13650,0
1623,6091,0
1624,13506,0
1625,25084,0
1626,5317,0
1627,19166,0
1628,31498,0
1629,19912,0
1630,4880,1
1631,1459,1
1632,12228,0
1633,11439,0
1634,10146,0
1635,8052,0
1636,6749,0
1637,8585,0
1638,18995,0
1639,6553,0
1640,11774,0
1641,1218,1
1642,16692,0
1643,6004,0
1644,932,0
1645,9834,0
1646,16116,0
1647,3368,0
1648,26638,0
1649,16086,0
1650,9104,0
1651,9447,0
1652,2628,1
1653,9464,0
1654,8609,1
1655,3234,0
1656,12054,0
1657,19380,0
1658,12232,1
1659,13262,0
1660,15920,0
1661,12454,0
1662,3724,0
1663,2838,0
1664,16329,0
1665,9857,0
1666,14411,0
1667,9131,0
1668,26218,0
1669,29909,0
1670,10132,0
1671,10023,0
1672,8360,0
1673,14473,0
1674,31949,1
1675,27631,0
1676,10833,0
1677,12395,0
1678,571,0
1679,9279,0
1680,13866,0
1681,6048,0
1682,10534,0
1683,12652,0
1684,6633,0
1685,5835,0
1686,17366,0
1687,12903,0
1688,10668,0
1689,19965,0
1690,13866,0
1691,3050,1
1692,19970,0
1693,13331,0
1694,14502,0
1695,15575,0
1696,16834,1
1697,13127,0
1698,1850,0
1699,11424,0
1700,11511,1
1701,15253,0
1702,20641,1
1703,22527,1
1704,26518,0
1705,5777,0
1706,11424,0
1707,5225,0
1708,14654,0
1709,10732,0
1710,6586,0
1711,14039,0
1712,7827,0
1713,1227,1
1714,7835,0
1715,19333,1
1716,30134,0
1717,421,0
1718,24271,0
1719,6018,0
1720,5822,1
1721,24091,0
1722,22345,0
1723,12747,1
1724,22965,0
1725,6463,0
1726,11369,0
1727,21815,0
1728,4609,0
1729,19575,0
1730,21557,1
1731,28588,0
1732,19603,0
1733,11483,0
1734,122,0
1735,10348,0
1736,19771,0
1737,11154,0
1738,8533,0
1739,31564,0
1740,12263,0
1741,12834,0
1742,25077,0
1743,2421,0
1744,14184,1
1745,1657,0
1746,29714,1
1747,1770,0
1748,797,0
1749,17236,0
1750,826,0
1751,29829,0
1752,25447,0
1753,21192,0
1754,18770,0
1755,43,0
1756,2065,0
1757,23635,0
1758,5071,0
1759,11914,0
1760,5525,0
1761,24409,0
1762,17381,0
1763,12382,0
1764,17596,0
1765,31700,0
1766,22132,0
1767,5238,1
1768,29234,0
1769,12780,0
1770,6691,0
1771,10893,0
1772,3529,0
1773,27525,1
1774,29972,0
1775,29758,1
1776,5150,0
1777,7732,1
1778,14368,1
1779,11256,0
1780,18121,1
1781,11197,0
1782,1714,1
1783,24746,0
1784,19818,0
1785,1145,0
1786,370,0
1787,1340,0
1788,1202,0
1789,24634,0
1790,2169,0
1791,3943,0
1792,15407,0
1793,9491,0
1794,1457,0
1795,13039,1
1796,31240,0
1797,1016,0
1798,4683,0
1799,3622,0
1800,3566,0
1801,5138,0
1802,3202,0
1803,4061,0
1804,22564,0
1805,21709,0
1806,13995,0
1807,11579,0
1808,21873,0
1809,26712,0
1810,11222,0
1811,8759,0
1812,8697,0
1813,2766,0
1814,8232,0
1815,28090,0
1816,24747,0
1817,15791,0
1818,58,0
1819,2892,0
1820,6539,0
1821,25631,1
1822,14660,0
1823,1053,0
1824,31456,0
1825,15073,0
1826,11221,0
1827,18140,0
1828,15648,0
1829,24633,0
1830,10195,0
1831,28742,0
1832,12982,0
1833,15949,0
1834,16733,0
1835,2088,0
1836,5395,0
1837,28916,0
1838,8656,0
1839,26060,0
1840,9595,0
1841,23183,0
1842,28417,1
1843,27410,0
1844,7043,0
1845,19113,0
1846,5854,0
1847,4955,1
1848,20857,0
1849,2793,0
1850,5761,0
1851,20288,0
1852,30124,1
1853,15986,0
1854,10887,0
1855,30045,0
1856,13355,0
1857,11364,0
1858,13828,0
1859,3419,0
1860,25264,0
1861,19137,0
1862,21488,0
1863,14185,0
1864,23456,0
1865,1721,0
1866,14904,0
1867,2029,0
1868,24491,0
1869,14529,0
1870,4606,0
1871,22641,0
1872,24312,0
1873,32481,0
1874,7881,0
1875,10906,1
1876,14822,0
1877,9446,0
1878,31079,0
1879,18501,0
1880,3730,0
1881,3647,0
1882,23642,1
1883,11183,0
1884,2505,0
1885,20985,0
1886,16373,0
1887,2805,0
1888,15660,0
1889,9009,0
1890,28703,0
1891,5505,0
1892,16105,0
1893,4541,0
1894,19858,0
1895,7857,0
1896,4088,1
1897,7873,0
1898,21959,0
1899,8564,0
1900,22413,0
1901,15284,0
1902,31433,0
1903,4240,0
1904,5117,0
1905,949,1
1906,29978,0
1907,3956,0
1908,11744,0
1909,24819,0
1910,32077,0
1911,5967,0
1912,3911,0
1913,10053,0
1914,29050,0
1915,7091,0
1916,6013,0
1917,17575,0
1918,27601,0
1919,28607,1
1920,14027,0
1921,2212,1
1922,2485,0
1923,1424,0
1924,16653,0
1925,702,0
1926,15853,0
1927,2026,0
1928,19129,0
1929,31970,0
1930,4547,0
1931,18196,1
1932,15788,0
1933,6364,0
1934,3370,0
1935,22621,1
1936,17493,0
1937,6572,0
1938,19151,0
1939,11285,0
1940,10959,0
1941,21574,0
1942,23274,0
1943,25978,0
1944,11212,0
1945,22483,0
1946,20791,0
1947,12360,0
1948,21774,0
1949,15161,0
1950,9364,0
1951,6838,0
1952,29784,1
1953,9252,0
1954,3449,0
1955,24454,0
1956,26102,0
1957,13176,0
1958,4897,0
1959,166,0
1960,9716,1
1961,18292,1
1962,5511,0
1963,12035,0
1964,9827,0
1965,31610,0
1966,6960,1
1967,31500,0
1968,15914,0
1969,26469,0
1970,6871,0
1971,4581,1
1972,6467,1
1973,32121,1
1974,26704,0
1975,577,1
1976,13774,0
1977,14043,0
1978,13035,1
1979,18831,0
1980,8412,0
1981,12968,0
1982,2519,0
1983,1651,0
1984,20708,0
1985,1946,0
1986,2590,0
1987,20113,0
1988,1846,1
1989,4836,0
1990,2700,0
1991,22906,0
1992,3732,0
1993,5576,0
1994,11409,0
1995,11954,0
1996,8928,0
1997,25692,0
1998,25426,0
1999,4052,0
2000,4050,0
2001,4908,0
2002,23573,0
2003,13890,0
2004,12856,0
2005,3172,0
2006,27048,0
2007,6444,0
2008,23909,0
2009,22059,0
2010,5441,0
2011,23368,0
2012,13592,0
2013,21201,0
2014,263,0
2015,31703,0
2016,26877,0
2017,18068,1
2018,14128,0
2019,11969,0
2020,27120,1
2021,13939,0
2022,16601,1
2023,9377,0
2024,24728,0
2025,23045,0
2026,32509,0
2027,26305,1
2028,22459,0
2029,2503,0
2030,11502,0
2031,7500,0
2032,6022,0
2033,15168,0
2034,31783,0
2035,27956,0
2036,4497,0
2037,22283,1
2038,5732,0
2039,10926,0
2040,1747,0
2041,6508,0
2042,12314,0
2043,125,0
2044,13261,0
2045,1045,1
2046,8185,1
2047,21967,0
2048,24589,0
2049,22566,1
2050,5492,0
2051,9588,0
2052,30990,0
2053,5416,0
2054,12287,1
2055,17816,0
2056,23167,0
2057,28058,0
2058,10747,0
2059,7977,0
2060,6988,0
2061,7562,0
2062,28842,0
2063,1594,0
2064,12659,1
2065,28574,0
2066,27593,0
2067,5522,0
2068,16999,0
2069,9573,0
2070,12572,0
2071,9209,0
2072,30787,0
2073,4626,0
2074,7741,1
2075,3061,0
2076,12404,0
2077,5543,0
2078,6547,0
2079,28014,0
2080,14666,1
2081,5168,0
2082,14791,1
2083,25962,0
2084,20446,0
2085,102,1
2086,12906,0
2087,13270,1
2088,25927,1
2089,30820,0
2090,10465,0
2091,14935,0
2092,25083,1
2093,14710,0
2094,13155,0
2095,7830,0
2096,2021,0
2097,5152,0
2098,19749,0
2099,15484,1
2100,11608,0
2101,10406,0
2102,276,0
2103,23887,0
2104,21945,1
2105,12311,0
2106,6142,1
2107,16764,0
2108,16061,0
2109,15382,1
2110,22303,0
2111,5352,0
2112,9730,1
2113,25239,0
2114,20852,0
2115,8038,1
2116,28596,0
2117,597,1
2118,30212,1
2119,10942,0
2120,29429,0
2121,14730,0
2122,21514,0
2123,11838,0
2124,5539,1
2125,7459,0
2126,15817,0
2127,15506,0
2128,12743,0
2129,10669,0
2130,25320,0
2131,19085,0
2132,30362,0
2133,31232,1
2134,13424,0
2135,24050,0
2136,12192,0
2137,14257,0
2138,14040,0
2139,12071,0
2140,85,0
2141,24706,0
2142,6531,0
2143,18024,0
2144,31825,0
2145,14295,0
2146,9031,0
2147,19612,0
2148,11818,1
2149,25621,0
2150,31263,0
2151,15541,0
2152,26136,0
2153,12771,0
2154,8151,0
2155,27008,0
2156,12473,0
2157,15675,1
2158,3968,0
2159,9646,0
2160,8818,1
2161,14599,0
2162,28641,0
2163,7856,0
2164,5447,0
2165,32369,0
2166,11953,0
2167,52,0
2168,18943,0
2169,24614,0
2170,6162,0
2171,20390,0
2172,21357,0
2173,375,0
2174,29808,0
2175,6151,0
2176,21347,1
2177,1102,0
2178,20993,1
2179,5135,0
2180,28023,0
2181,27685,0
2182,12452,0
2183,5274,0
2184,6178,0
2185,13694,0
2186,15208,0
2187,7749,0
2188,25467,0
2189,13117,1
2190,9206,0
2191,11065,0
2192,12618,0
2193,13056,0
2194,18074,0
2195,11635,0
2196,7545,1
2197,10693,1
2198,27969,0
2199,10595,1
2200,4408,0
2201,29176,1
2202,30333,0
2203,16014,0
2204,10882,0
2205,16942,0
2206,16676,0
2207,17194,0
2208,26861,0
2209,8552,0
2210,3641,0
2211,3260,0
2212,9075,1
2213,5706,0
2214,3748,0
2215,15016,0
2216,3047,1
2217,5969,0
2218,3474,0
2219,31109,0
2220,9245,1
2221,10858,0
2222,8863,0
2223,20746,0
2224,19563,1
2225,28926,1
2226,14627,1
2227,9513,0
2228,23925,0
2229,6240,0
2230,21677,0
2231,9806,0
2232,18576,0
2233,7035,0
2234,14785,0
2235,18445,0
2236,9483,0
2237,21712,0
2238,15244,1
2239,21964,0
2240,2725,0
2241,16728,0
2242,4148,0
2243,8005,0
2244,9586,1
2245,10928,0
2246,8978,0
2247,13054,0
2248,4569,0
2249,5686,0
2250,5121,0
2251,18291,0
2252,14862,0
2253,25510,0
2254,14847,0
2255,8724,0
2256,10584,0
2257,24372,0
2258,26628,0
2259,680,0
2260,13104,0
2261,4425,0
2262,12475,0
2263,10274,0
2264,138,0
2265,12696,1
2266,2900,0
2267,14415,0
2268,18796,0
2269,18767,1
2270,10853,1
2271,28642,0
2272,22733,0
2273,15262,0
2274,32012,1
2275,3127,0
2276,26831,0
2277,11080,0
2278,7404,0
2279,31097,1
2280,27650,0
2281,6604,0
2282,5200,1
2283,19458,0
2284,6441,0
2285,4905,0
2286,12238,0
2287,14367,1
2288,27066,0
2289,16726,0
2290,25550,0
2291,22818,0
2292,15085,1
2293,8154,0
2294,30002,0
2295,13837,0
2296,9072,0
2297,26439,0
2298,8431,0
2299,12847,0
2300,17047,0
2301,28473,0
2302,7451,0
2303,15481,1
2304,7303,0
2305,15406,0
2306,10080,1
2307,1838,0
2308,11581,0
2309,11684,0
2310,23610,0
2311,15582,0
2312,11055,0
2313,17981,0
2314,9281,0
2315,20490,0
2316,20014,0
2317,10639,0
2318,7045,0
2319,8908,0
2320,26120,0
2321,4445,0
2322,31934,0
2323,5500,0
2324,13650,0
2325,19183,0
2326,20795,0
2327,7667,0
2328,26873,1
2329,16712,1
2330,5338,0
2331,11570,0
2332,31889,0
2333,31545,1
2334,13218,0
2335,2305,0
2336,29364,0
2337,24407,1
2338,2203,0
2339,8410,0
2340,10384,0
2341,23989,0
2342,16509,0
2343,9205,0
2344,20712,0
2345,12350,0
2346,30115,1
2347,11353,0
2348,23733,0
2349,21013,0
2350,17706,1
2351,24933,0
2352,26198,0
2353,20701,1
2354,5966,0
2355,4805,0
2356,10703,0
2357,15387,0
2358,13468,0
2359,60,0
2360,21198,1
2361,5629,0
2362,1603,0
2363,29534,1
2364,6656,0
2365,29070,0
2366,5763,0
2367,3720,0
2368,8552,0
2369,12701,0
2370,6658,0
2371,1068,0
2372,7943,0
2373,68,0
2374,3657,0
2375,14824,0
2376,737,0
2377,9466,0
2378,27486,0
2379,3740,0
2380,26743,0
2381,23521,0
2382,2013,0
2383,13740,0
2384,10731,0
2385,21170,0
2386,30380,0
2387,22929,0
2388,5213,0
2389,30794,0
2390,897,0
2391,414,0
2392,7343,0
2393,13950,0
2394,19940,0
2395,32,0
2396,3377,1
2397,5350,0
2398,12027,0
2399,9531,1
2400,15659,0
2401,11117,1
2402,9360,0
2403,6068,0
2404,7133,0
2405,4962,0
2406,29075,0
2407,29969,0
2408,30819,0
2409,299,0
2410,9187,0
2411,16112,0
2412,7259,0
2413,5178,0
2414,736,0
2415,3831,0
2416,24590,0
2417,1845,1
2418,31316,1
2419,17528,0
2420,1093,0
2421,17500,1
2422,30109,0
2423,3265,0
2424,2814,0
2425,16467,0
2426,13952,0
2427,2098,0
2428,25860,0
2429,5101,0
2430,1619,0
2431,25720,0
2432,14063,1
2433,8539,0
2434,8884,0
2435,26413,0
2436,20683,0
2437,25174,0
2438,17334,0
2439,2489,1
2440,13376,0
2441,13274,0
2442,19825,0
2443,23185,0
2444,16285,0
2445,20922,0
2446,8317,0
2447,15887,0
2448,24650,0
2449,9315,0
2450,1897,0
2451,15086,0
2452,14876,0
2453,29087,1
2454,26395,0
2455,24629,0
2456,19981,0
2457,7357,0
2458,11386,0
2459,23639,0
2460,7347,1
2461,22817,0
2462,22779,0
2463,12458,1
2464,268,0
2465,18237,0
2466,12542,0
2467,6756,0
2468,13135,0
2469,27711,1
2470,3661,0
2471,1255,0
2472,14716,0
2473,11096,0
2474,3157,0
2475,32134,0
2476,11463,0
2477,10207,0
2478,14104,0
2479,27924,0
2480,12244,1
2481,12824,0
2482,4774,0
2483,323,0
2484,28155,0
2485,1185,0
2486,22090,0
2487,15571,0
2488,1543,0
2489,116,0
2490,9174,0
2491,9765,0
2492,13064,1
2493,29035,1
2494,1889,1
2495,10141,0
2496,15958,0
2497,2324,1
2498,298,1
2499,7361,0
2500,5644,0
2501,24368,0
2502,8956,0
2503,1168,0
2504,1372,0
2505,29525,0
2506,10429,0
2507,27129,0
2508,8129,0
2509,83,0
2510,27616,0
2511,19721,0
2512,29273,0
2513,8744,0
2514,22651,0
2515,11275,1
2516,31844,0
2517,14361,0
2518,492,0
2519,16345,0
2520,2757,0
2521,3582,0
2522,19289,0
2523,5574,0
2524,17356,0
2525,15802,0
2526,13215,0
2527,8492,0
2528,28523,0
2529,11826,1
2530,11456,1
2531,27708,0
2532,12698,0
2533,19750,0
2534,24340,0
2535,22846,0
2536,7431,0
2537,24631,0
2538,27407,0
2539,26983,0
2540,16703,0
2541,1043,1
2542,25548,1
2543,8187,0
2544,25608,0
2545,20281,0
2546,16337,0
2547,12933,0
2548,25773,0
2549,14539,0
2550,28516,0
2551,10818,0
2552,3808,0
2553,14585,0
2554,21896,0
2555,1583,0
2556,7326,0
2557,9534,0
2558,10316,0
2559,8339,0
2560,6881,0
2561,1757,0
2562,9774,0
2563,22894,0
2564,30618,1
2565,19907,0
2566,12602,0
2567,3653,0
2568,18829,0
2569,6987,0
2570,27682,0
2571,23273,0
2572,6260,0
2573,23409,0
2574,18264,0
2575,14385,0
2576,9677,0
2577,4542,0
2578,4496,0
2579,14240,0
2580,5956,0
2581,7526,0
2582,16355,0
2583,17870,0
2584,14333,0
2585,13975,0
2586,1101,0
2587,16428,0
2588,8539,0
2589,243,0
2590,22367,1
2591,9090,0
2592,4579,0
2593,13035,0
2594,23106,0
2595,4448,0
2596,11310,0
2597,23808,0
2598,16267,0
2599,15006,0
2600,8031,0
2601,898,0
2602,26713,1
2603,7613,0
2604,5684,0
2605,6119,0
2606,6935,0
2607,4973,0
2608,13698,0
2609,22707,0
2610,16207,0
2611,360,0
2612,1536,0
2613,19712,0
2614,3545,1
2615,5475,0
2616,3275,0
2617,9412,1
2618,17386,0
2619,6828,0
2620,401,0
2621,22923,0
2622,8378,0
2623,12342,0
2624,4285,0
2625,13408,0
2626,8205,0
2627,13351,1
2628,10405,0
2629,14059,0
2630,8829,0
2631,15180,0
2632,5028,0
2633,21764,1
2634,3757,0
2635,21909,0
2636,2196,0
2637,1371,0
2638,12453,0
2639,12336,0
2640,25823,0
2641,9803,0
2642,6115,0
2643,1178,0
2644,29307,0
2645,10383,0
2646,32165,0
2647,5953,0
2648,21699,0
2649,6885,0
2650,14839,0
2651,4268,0
2652,31554,0
2653,11545,0
2654,2241,0
2655,17503,1
2656,13002,0
2657,8182,0
2658,6373,0
2659,57,0
2660,101,0
2661,2588,0
2662,6250,0
2663,10542,0
2664,10309,0
2665,11883,0
2666,5185,1
2667,2117,0
2668,15199,0
2669,3862,1
2670,2190,0
2671,22626,0
2672,14135,0
2673,4076,0
2674,23413,1
2675,26720,0
2676,17312,0
2677,17349,0
2678,7657,0
2679,27371,0
2680,7728,1
2681,15707,0
2682,14964,0
2683,1151,0
2684,19942,1
2685,7332,0
2686,25945,0
2687,15376,0
2688,9743,0
2689,9893,0
2690,14798,0
2691,27236,0
2692,23519,1
2693,23191,0
2694,7827,1
2695,8508,0
2696,7230,0
2697,15451,0
2698,8034,0
2699,8941,1
2700,22768,0
2701,2304,1
2702,25305,0
2703,5636,0
2704,16939,0
2705,22838,0
2706,25592,0
2707,14950,0
2708,10559,0
2709,32499,1
2710,20310,0
2711,10079,0
2712,4045,0
2713,7459,0
2714,12645,0
2715,19196,0
2716,910,0
2717,310,0
2718,14510,1
2719,12665,1
2720,8792,0
2721,10879,0
2722,3835,0
2723,2324,0
2724,4427,0
2725,30091,0
2726,7569,0
2727,26131,1
2728,13811,0
2729,12291,1
2730,7155,0
2731,11644,1
2732,29304,0
2733,31325,0
2734,12096,0
2735,17166,0
2736,3771,0
2737,7228,0
2738,3847,0
2739,9336,0
2740,20556,0
2741,13992,1
2742,1413,1
2743,25651,0
2744,8514,0
2745,17599,1
2746,16940,0
2747,956,0
2748,8403,0
2749,32164,1
2750,6435,0
2751,2038,1
2752,13178,0
2753,12703,0
2754,6237,0
2755,28265,0
2756,14504,0
2757,5892,0
2758,624,0
2759,12972,0
2760,1501,0
2761,12709,0
2762,285,1
2763,4072,1
2764,10064,0
2765,31173,0
2766,5230,0
2767,11778,0
2768,10052,0
2769,22177,0
2770,11560,0
2771,11107,0
2772,13210,0
2773,15001,0
2774,8391,0
2775,20222,1
2776,12831,0
2777,13155,0
2778,29149,0
2779,10487,1
2780,1790,0
2781,24671,0
2782,29065,0
2783,1160,0
2784,31418,0
2785,6437,0
2786,4928,0
2787,27622,0
2788,15340,0
2789,4750,0
2790,21858,0
2791,12001,1
2792,1678,0
2793,21304,0
2794,7645,0
2795,7127,0
2796,9881,1
2797,11395,0
2798,14566,0
2799,8752,0
2800,17539,0
2801,6971,1
2802,30463,0
2803,1448,0
2804,4477,0
2805,3417,0
2806,23870,0
2807,27696,0
2808,9842,1
2809,15619,0
2810,14777,0
2811,17116,0
2812,11314,0
2813,172,0
2814,19223,0
2815,8133,0
2816,27884,1
2817,9404,0
2818,13349,0
2819,1559,0
2820,10831,0
2821,15144,0
2822,24537,0
2823,26116,0
2824,23476,0
2825,6040,1
2826,13789,0
2827,9728,0
2828,2663,0
2829,29727,0
2830,18066,0
2831,935,0
2832,19622,0
2833,31972,1
2834,1414,0
2835,3110,0
2836,28669,1
2837,15562,0
2838,2416,0
2839,699,0
2840,28939,1
2841,7555,1
2842,30015,0
2843,30599,0
2844,814,0
2845,22546,0
2846,11372,0
2847,15918,0
2848,10350,0
2849,98,0
2850,31945,0
2851,24973,0
2852,30933,0
2853,31968,0
2854,2582,0
2855,12138,0
2856,13242,0
2857,9984,0
2858,15067,0
2859,30741,1
2860,25127,0
2861,6096,1
2862,19059,0
2863,1619,0
2864,5510,0
2865,14671,1
2866,13450,0
2867,10327,1
2868,668,0
2869,11495,0
2870,26719,0
2871,17663,0
2872,31127,0
2873,6792,0
2874,6571,0
2875,8217,0
2876,7694,1
2877,18407,0
2878,1476,0
2879,30799,1
2880,18303,0
2881,16661,0
2882,5088,0
2883,14844,0
2884,5579,0
2885,16093,0
2886,28729,1
2887,3718,0
2888,13420,1
2889,24642,0
2890,3049,1
2891,20765,0
2892,6052,0
2893,3842,0
2894,16029,0
2895,9946,0
2896,10725,0
2897,12945,1
2898,16411,0
2899,1940,1
2900,23181,1
2901,22835,0
2902,31342,0
2903,736,0
2904,9868,1
2905,7119,0
2906,16168,0
2907,29052,0
2908,17566,1
2909,22235,1
2910,14129,0
2911,4605,0
2912,7824,0
2913,12968,0
2914,27454,0
2915,6742,0
2916,14419,0
2917,14203,0
2918,12276,0
2919,28001,0
2920,12886,0
2921,1359,0
2922,16159,0
2923,4785,0
2924,9601,1
2925,9892,0
2926,28367,0
2927,4339,1
2928,23890,0
2929,2225,0
2930,1487,0
2931,11173,0
2932,7026,0
2933,8701,0
2934,3477,0
2935,5046,0
2936,14402,0
2937,18993,0
2938,13539,0
2939,12624,0
2940,15182,0
2941,28786,0
2942,27339,0
2943,4876,0
2944,24268,0
2945,9642,0
2946,31320,0
2947,12955,0
2948,30016,0
2949,23650,0
2950,1803,0
2951,24224,0
2952,25460,0
2953,29133,0
2954,12202,0
2955,4634,0
2956,28994,0
2957,7612,0
2958,1060,1
2959,8776,0
2960,11598,0
2961,12895,0
2962,28469,0
2963,9078,0
2964,8424,1
2965,15493,0
2966,30896,0
2967,22804,0
2968,15787,0
2969,3040,1
2970,1074,1
2971,30398,0
2972,15921,0
2973,1870,0
2974,18773,0
2975,6655,1
2976,6484,0
2977,12483,1
2978,17536,0
2979,14773,0
2980,32106,0
2981,3320,0
2982,28396,0
2983,19916,0
2984,4283,0
2985,13934,0
2986,3909,0
2987,1327,0
2988,763,1
2989,23449,0
2990,7603,1
2991,14221,0
2992,28526,0
2993,19143,1
2994,23028,0
2995,3390,0
2996,22309,0
2997,17527,0
2998,25184,0
2999,5627,0
3000,28059,0
3001,10366,1
3002,6409,0
3003,9828,0
3004,13246,0
3005,6016,1
3006,18758,0
3007,11919,1
3008,1156,0
3009,7697,0
3010,30178,0
3011,13729,1
3012,1180,0
3013,26359,0
3014,8771,0
3015,1922,0
3016,9470,0
3017,19182,0
3018,3211,0
3019,31602,0
3020,1450,0
3021,33,0
3022,22461,0
3023,3626,0
3024,7394,0
3025,9112,0
3026,7465,0
3027,32099,0
3028,2978,0
3029,16291,0
3030,1871,0
3031,16113,0
3032,21813,0
3033,10528,0
3034,9793,0
3035,7361,0
3036,13754,0
3037,6894,1
3038,19675,0
3039,29547,0
3040,5589,0
3041,31453,0
3042,2365,0
3043,30806,0
3044,29045,0
3045,17442,0
3046,7396,0
3047,26065,0
3048,15698,0
3049,2563,0
3050,30012,1
3051,12060,0
3052,11828,0
3053,24473,0
3054,31265,0
3055,1914,0
3056,16664,0
3057,7334,1
3058,8159,0
3059,15492,0
3060,13764,0
3061,5263,0
3062,31144,0
3063,5327,0
3064,11192,0
3065,4710,0
3066,9689,0
3067,23956,1
3068,6746,1
3069,4340,0
3070,12529,0
3071,16565,0
3072,1764,0
3073,12129,0
3074,31986,0
3075,31893,0
3076,31789,0
3077,23613,0
3078,15624,0
3079,5629,0
3080,14340,0
3081,1596,0
3082,8071,0
3083,26039,0
3084,8235,1
3085,12196,0
3086,16812,0
3087,27852,0
3088,7760,0
3089,9851,0
3090,24619,0
3091,4675,0
3092,27802,0
3093,4725,0
3094,16198,0
3095,13105,1
3096,11648,1
3097,5164,0
3098,11437,0
3099,11331,0
3100,1938,0
3101,31721,0
3102,10977,0
3103,20164,0
3104,543,0
3105,21462,0
3106,14426,0
3107,14207,0
3108,15290,0
3109,31858,0
3110,9098,1
3111,3462,1
3112,14111,0
3113,10556,0
3114,1352,0
3115,11619,0
3116,12783,1
3117,239,0
3118,8865,0
3119,10585,1
3120,1321,0
3121,17864,0
3122,13821,0
3123,16307,0
3124,4333,1
3125,4384,0
3126,252,0
3127,9590,0
3128,10493,1
3129,14662,1
3130,16430,1
3131,26962,0
3132,15242,0
3133,20841,0
3134,6643,1
3135,22770,0
3136,4828,0
3137,13800,0
3138,9290,0
3139,3410,0
3140,1357,0
3141,28988,0
3142,2145,0
3143,9109,0
3144,26362,0
3145,28054,1
3146,17845,1
3147,16124,0
3148,14512,0
3149,6895,0
3150,7430,0
3151,27374,0
3152,9301,0
3153,18081,1
3154,26883,0
3155,11308,0
3156,24240,0
3157,24144,0
3158,11256,0
3159,12581,0
3160,1341,0
3161,12187,0
3162,13220,1
3163,10663,0
3164,26424,0
3165,28433,0
3166,23483,0
3167,24533,0
3168,20609,0
3169,9302,0
3170,11048,1
3171,26511,0
3172,22430,0
3173,18402,0
3174,17421,0
3175,26084,0
3176,3678,0
3177,10166,1
3178,31987,0
3179,13901,0
3180,27990,0
3181,7764,0
3182,19895,0
3183,13124,0
3184,12904,0
3185,15028,0
3186,13375,0
3187,30695,0
3188,1178,0
3189,27520,0
3190,6518,0
3191,21956,0
3192,20322,0
3193,2358,0
3194,6944,0
3195,14084,0
3196,24068,0
3197,6554,0
3198,7756,0
3199,27550,1
3200,14627,0
3201,368,0
3202,24536,0
3203,17060,0
3204,7752,0
3205,11341,1
3206,27261,0
3207,31212,0
3208,15589,0
3209,5217,0
3210,9214,0
3211,9906,0
3212,15753,0
3213,4728,0
3214,6789,0
3215,15978,0
3216,17685,0
3217,26698,1
3218,5211,1
3219,6182,0
3220,11948,1
3221,10223,0
3222,24639,0
3223,10610,1
3224,2150,0
3225,15692,0
3226,9965,0
3227,11603,0
3228,23555,0
3229,18282,0
3230,17064,0
3231,5989,0
3232,2368,0
3233,14942,0
3234,1500,0
3235,13426,0
3236,1567,0
3237,12787,0
3238,29121,0
3239,2379,0
3240,5123,0
3241,15737,1
3242,9227,1
3243,30361,0
3244,25577,1
3245,15327,0
3246,27544,0
3247,15911,0
3248,3758,1
3249,7537,0
3250,29086,0
3251,19729,0
3252,4023,1
3253,2273,0
3254,21163,0
3255,15420,0
3256,29581,0
3257,12241,0
3258,5283,0
3259,13796,0
3260,27854,0
3261,16189,0
3262,205,0
3263,10178,0
3264,13770,0
3265,24699,1
3266,19976,0
3267,6647,0
3268,7368,0
3269,3486,0
3270,24,0
3271,13892,1
3272,4025,0
3273,6412,0
3274,1429,1
3275,11884,1
3276,7965,0
3277,4693,0
3278,22336,0
3279,16121,0
3280,15008,0
3281,7439,0
3282,6367,0
3283,25293,0
3284,23963,0
3285,19914,0
3286,15527,0
3287,28081,0
3288,12862,0
3289,27620,0
3290,27180,0
3291,22420,1
3292,27782,0
3293,18700,0
3294,1912,0
3295,26705,0
3296,551,0
3297,1861,0
3298,18377,0
3299,9138,0
3300,17319,0
3301,6258,0
3302,24481,0
3303,20555,0
3304,10234,0
3305,3019,0
3306,30126,0
3307,10631,0
3308,4131,1
3309,4916,0
3310,6462,0
3311,2408,0
3312,8972,1
3313,5339,0
3314,17591,1
3315,9439,1
3316,8109,0
3317,12482,0
3318,5955,0
3319,18683,0
3320,7249,0
3321,2015,0
3322,5798,0
3323,3609,0
3324,11390,0
3325,15691,0
3326,16198,1
3327,7513,0
3328,3973,0
3329,8303,0
3330,13756,0
3331,3183,0
3332,12699,0
3333,13942,0
3334,6354,0
3335,23981,0
3336,9294,0
3337,8735,0
3338,15738,0
3339,3342,0
3340,9968,0
3341,26597,0
3342,25331,0
3343,1462,1
3344,7577,0
3345,12763,0
3346,4371,0
3347,31630,0
3348,8997,0
3349,18202,0
3350,9929,0
3351,18269,0
3352,7311,0
3353,21445,0
3354,13920,0
3355,825,0
3356,31306,0
3357,1854,0
3358,24602,1
3359,32154,0
3360,9035,0
3361,7886,1
3362,299,0
3363,3184,1
3364,28499,0
3365,4329,0
3366,24733,0
3367,25450,0
3368,2899,0
3369,22710,0
3370,24776,0
3371,688,0
3372,7355,0
3373,20772,0
3374,15728,0
3375,7084,0
3376,18926,0
3377,30692,0
3378,30353,0
3379,30774,0
3380,9722,0
3381,7845,0
3382,15913,0
3383,17501,0
3384,4886,0
3385,11029,0
3386,10438,0
3387,7382,0
3388,12998,1
3389,12453,0
3390,7557,0
3391,8353,0
3392,19252,1
3393,6169,0
3394,15567,0
3395,32384,1
3396,3932,0
3397,5010,0
3398,30509,0
3399,6858,1
3400,3946,0
3401,12969,0
3402,18704,0
3403,10884,0
3404,5592,0
3405,7386,0
3406,14740,0
3407,8316,1
3408,5715,1
3409,7813,0
3410,2983,0
3411,481,0
3412,9686,0
3413,23754,0
3414,3604,1
3415,27196,0
3416,6668,0
3417,13139,0
3418,17782,0
3419,7403,0
3420,32047,0
3421,12879,0
3422,1118,0
3423,3417,0
3424,27174,0
3425,4269,0
3426,24486,0
3427,15401,0
3428,5214,0
3429,30340,0
3430,13009,0
3431,29997,0
3432,6711,0
3433,4362,0
3434,16752,1
3435,1541,0
3436,15271,0
3437,11592,0
3438,1252,1
3439,16809,0
3440,8429,0
3441,14818,0
3442,13688,0
3443,1849,0
3444,5929,0
3445,30742,0
3446,30939,0
3447,6854,0
3448,14489,0
3449,14062,0
3450,3210,0
3451,87,0
3452,25679,0
3453,29011,0
3454,11766,0
3455,8674,0
3456,3880,0
3457,21846,0
3458,13283,0
3459,1234,0
3460,546,1
3461,13628,0
3462,22441,0
3463,6267,0
3464,7046,0
3465,11363,0
3466,20872,0
3467,6279,0
3468,11504,0
3469,10825,0
3470,18051,0
3471,16824,0
3472,4324,0
3473,3334,0
3474,3098,0
3475,18651,1
3476,1010,0
3477,4465,0
3478,6335,0
3479,16915,0
3480,22180,0
3481,18296,0
3482,3616,1
3483,32554,0
3484,9555,0
3485,2504,0
3486,20073,0
3487,89,0
3488,6752,0
3489,29202,0
3490,11156,0
3491,6577,0
3492,5942,0
3493,18423,0
3494,30832,0
3495,13218,0
3496,13715,0
3497,16132,0
3498,27065,0
3499,3868,0
3500,15350,0
3501,22442,0
3502,4895,0
3503,20301,0
3504,28610,0
3505,11133,0
3506,9006,0
3507,14839,0
3508,22507,0
3509,3977,0
3510,8245,0
3511,6272,0
3512,14473,1
3513,21415,0
3514,24260,0
3515,5341,0
3516,29095,0
3517,19834,0
3518,19514,0
3519,29274,1
3520,25555,1
3521,26897,0
3522,2488,0
3523,11761,0
3524,28874,0
3525,6354,0
3526,6475,0
3527,6358,1
3528,19389,0
3529,1565,0
3530,3655,0
3531,27973,0
3532,17997,0
3533,856,0
3534,28614,0
3535,15759,0
3536,6073,0
3537,7740,0
3538,17260,0
3539,3813,1
3540,10344,0
3541,11879,0
3542,19983,0
3543,11134,0
3544,6156,0
3545,28812,0
3546,12994,0
3547,7033,0
3548,21228,0
3549,26626,0
3550,13040,0
3551,3080,0
3552,4690,0
3553,5091,0
3554,9284,0
3555,20523,0
3556,29069,0
3557,10353,0
3558,11956,0
3559,4699,0
3560,31266,1
3561,8248,0
3562,11693,0
3563,25991,1
3564,2425,0
3565,12828,0
3566,19174,0
3567,20717,0
3568,301,0
3569,10174,0
3570,27283,0
3571,3287,0
3572,11062,0
3573,28334,0
3574,2320,0
3575,11920,0
3576,29848,0
3577,14699,0
3578,24009,0
3579,7829,0
3580,5258,1
3581,615,0
3582,1492,0
3583,4952,0
3584,15294,0
3585,13972,0
3586,15785,1
3587,30433,0
3588,20235,0
3589,19185,0
3590,32321,0
3591,741,0
3592,12535,1
3593,4787,1
3594,15354,0
3595,7518,0
3596,12347,0
3597,7047,0
3598,7022,0
3599,25240,0
3600,11084,0
3601,5466,0
3602,6455,0
3603,1587,0
3604,306,0
3605,21368,0
3606,15075,1
3607,14530,0
3608,6871,0
3609,4219,1
3610,2334,0
3611,4909,0
3612,1465,0
3613,8885,0
3614,10172,1
3615,11102,0
3616,4938,0
3617,2252,0
3618,23201,0
3619,9469,1
3620,22411,0
3621,30540,0
3622,16544,0
3623,12997,0
3624,23089,0
3625,31520,0
3626,7414,0
3627,32334,0
3628,12111,0
3629,506,0
3630,2600,0
3631,8680,0
3632,31318,0
3633,18899,0
3634,7378,0
3635,8655,0
3636,26096,1
3637,31732,0
3638,15431,0
3639,967,1
3640,15173,0
3641,13591,0
3642,548,0
3643,3387,0
3644,14302,1
3645,6123,0
3646,13635,0
3647,13914,0
3648,14892,0
3649,16620,0
3650,25576,0
3651,9020,0
3652,32331,0
3653,2338,0
3654,11134,0
3655,29756,0
3656,13697,0
3657,27499,0
3658,22680,0
3659,12543,0
3660,32151,0
3661,8858,0
3662,2152,0
3663,16130,0
3664,3720,0
3665,4145,0
3666,29231,0
3667,18193,0
3668,23015,1
3669,14180,0
3670,6184,0
3671,15979,0
3672,1682,1
3673,738,0
3674,22762,1
3675,4872,0
3676,715,0
3677,6815,0
3678,32163,0
3679,14286,0
3680,2274,0
3681,23405,0
3682,5049,0
3683,3415,0
3684,5998,0
3685,14780,0
3686,2196,0
3687,14234,0
3688,985,0
3689,10137,0
3690,11981,0
3691,12067,0
3692,23224,1
3693,6851,0
3694,14840,0
3695,25251,0
3696,1231,0
3697,29709,0
3698,22881,0
3699,13818,0
3700,17689,0
3701,3405,1
3702,3996,0
3703,22451,0
3704,23265,0
3705,11045,1
3706,7753,1
3707,26964,1
3708,2570,0
3709,12722,0
3710,11490,0
3711,18828,1
3712,2857,0
3713,687,0
3714,8180,0
3715,6153,0
3716,3864,0
3717,2287,0
3718,15217,0
3719,733,0
3720,956,1
3721,31718,0
3722,18820,0
3723,14193,1
3724,7319,0
3725,6387,0
3726,15769,0
3727,30997,0
3728,15216,0
3729,29642,0
3730,9891,0
3731,9112,0
3732,27028,1
3733,7971,0
3734,6528,0
3735,29498,0
3736,20130,0
3737,31687,0
3738,15838,0
3739,17157,0
3740,11293,0
3741,30904,0
3742,29556,0
3743,31168,0
3744,10851,0
3745,2569,1
3746,91,1
3747,3225,1
3748,16017,1
3749,6692,0
3750,3896,1
3751,6071,1
3752,16317,0
3753,14801,0
3754,19106,0
3755,4169,0
3756,4196,0
3757,31451,1
3758,14008,0
3759,5870,0
3760,2023,0
3761,28753,0
3762,8570,0
3763,4649,0
3764,8210,1
3765,12577,0
3766,4683,0
3767,5600,0
3768,3680,1
3769,15403,0
3770,627,0
3771,32086,0
3772,1656,0
3773,1808,0
3774,1190,0
3775,28033,0
3776,1548,1
3777,1799,0
3778,22191,0
3779,6979,1
3780,10897,0
3781,10362,0
3782,4093,0
3783,21103,0
3784,1944,0
3785,28901,0
3786,21094,0
3787,29843,0
3788,23738,0
3789,16431,0
3790,31952,0
3791,22270,0
3792,8909,1
3793,18886,0
3794,19613,1
3795,13472,0
3796,20566,0
3797,5368,0
3798,22959,0
3799,1418,0
3800,4752,0
3801,14155,0
3802,8228,0
3803,24208,0
3804,31562,1
3805,11822,0
3806,14774,0
3807,13670,0
3808,2131,1
3809,490,0
3810,5034,0
3811,376,0
3812,20063,0
3813,7477,0
3814,10112,0
3815,5805,1
3816,17337,0
3817,8638,1
3818,17884,1
3819,313,0
3820,20404,0
3821,1497,0
3822,3326,0
3823,3791,0
3824,5232,0
3825,9956,0
3826,28848,0
3827,23033,0
3828,25202,1
3829,24818,0
3830,13285,0
3831,27979,1
3832,3877,0
3833,11461,1
3834,20529,0
3835,8310,0
3836,21235,0
3837,10591,1
3838,17162,0
3839,4880,0
3840,3951,0
3841,31800,0
3842,11487,0
3843,13356,1
3844,11884,0
3845,6959,0
3846,16378,0
3847,4791,0
3848,19517,0
3849,14442,0
3850,19668,0
3851,26160,0
3852,13137,0
3853,15182,0
3854,6520,0
3855,3908,0
3856,760,0
3857,6814,0
3858,13880,0
3859,15066,0
3860,5370,0
3861,10909,1
3862,2301,1
3863,25725,0
3864,10619,0
3865,2009,0
3866,12047,0
3867,27368,1
3868,27223,0
3869,15685,0
3870,29082,0
3871,28255,0
3872,535,1
3873,3538,0
3874,5650,1
3875,28646,0
3876,19258,0
3877,6292,0
3878,2807,0
3879,5902,0
3880,8726,0
3881,13709,1
3882,12065,0
3883,862,0
3884,23895,1
3885,7061,0
3886,6300,0
3887,32410,0
3888,6804,0
3889,13952,0
3890,10193,1
3891,8527,0
3892,18902,0
3893,6955,0
3894,21214,0
3895,18545,0
3896,20807,0
3897,21378,0
3898,17085,0
3899,26985,1
3900,11136,0
3901,14093,0
3902,11912,0
3903,25661,0
3904,8709,0
3905,10838,0
3906,6078,0
3907,9681,0
3908,913,1
3909,9902,0
3910,27870,0
3911,22905,0
3912,16540,0
3913,3559,0
3914,16756,0
3915,17426,0
3916,602,0
3917,14953,0
3918,2817,0
3919,31755,0
3920,18125,0
3921,18354,1
3922,19097,0
3923,24872,0
3924,24881,0
3925,15065,0
3926,16868,0
3927,7704,0
3928,32273,0
3929,20764,1
3930,17402,0
3931,2980,0
3932,32108,0
3933,16078,0
3934,6920,0
3935,28721,1
3936,24286,0
3937,9943,0
3938,10377,1
3939,14059,0
3940,30605,0
3941,1852,0
3942,27763,0
3943,15845,0
3944,21840,0
3945,25824,0
3946,25741,1
3947,7168,0
3948,24161,1
3949,16096,0
3950,14076,1
3951,8232,0
3952,9218,1
3953,8510,0
3954,14400,0
3955,12967,0
3956,3077,0
3957,10249,0
3958,14912,0
3959,5691,0
3960,16510,0
3961,6200,0
3962,11444,1
3963,5261,0
3964,8568,0
3965,25465,1
3966,8675,0
3967,12470,0
3968,17792,0
3969,28700,1
3970,22501,0
3971,2856,1
3972,10989,0
3973,7165,0
3974,11032,0
3975,6594,0
3976,10206,0
3977,18241,1
3978,14317,0
3979,9147,0
3980,9853,0
3981,25943,0
3982,26942,0
3983,21903,0
3984,11740,0
3985,15483,0
3986,22590,0
3987,26262,1
3988,18670,0
3989,2405,0
3990,17741,1
3991,17302,0
3992,5134,0
3993,13395,0
3994,4690,0
3995,12598,0
3996,47,0
3997,5778,0
3998,848,0
3999,19890,0
4000,12282,0
4001,436,0
4002,12907,0
4003,16330,0
4004,22446,0
4005,794,0
4006,23881,0
4007,26308,1
4008,15327,0
4009,26452,0
4010,2720,1
4011,19828,0
4012,30948,1
4013,10066,0
4014,11682,1
4015,2148,0
4016,11969,1
4017,1060,0
4018,9427,0
4019,11715,0
4020,27989,1
4021,7519,0
4022,6897,1
4023,10727,1
4024,9876,0
4025,23172,0
4026,14693,0
4027,484,0
4028,13677,0
4029,15034,0
4030,4877,0
4031,8551,0
4032,13245,0
4033,26420,0
4034,3655,0
4035,8631,0
4036,12536,0
4037,22443,0
4038,6316,0
4039,23773,0
4040,2934,0
4041,8843,0
4042,27423,0
4043,1994,0
4044,25518,0
4045,21085,0
4046,11219,0
4047,15384,0
4048,15254,0
4049,8995,0
4050,10995,0
4051,7401,0
4052,14876,0
4053,1915,1
4054,28622,1
4055,3234,0
4056,9825,0
4057,6154,0
4058,15118,0
4059,8351,1
4060,22498,1
4061,13014,0
4062,1547,0
4063,17258,0
4064,18919,0
4065,13666,1
4066,16582,0
4067,5922,0
4068,8177,0
4069,7616,0
4070,21729,0
4071,10609,0
4072,6530,1
4073,12388,0
4074,13057,0
4075,979,0
4076,4738,0
4077,26821,0
4078,10369,1
4079,655,0
4080,9452,0
4081,11343,0
4082,21724,0
4083,21515,0
4084,9066,0
4085,18958,0
4086,179,0
4087,12852,0
4088,6153,1
4089,5050,0
4090,15014,0
4091,23034,0
4092,308,0
4093,22223,0
4094,19746,0
4095,7001,1
4096,23730,0
4097,26194,0
4098,7010,0
4099,15260,0
4100,11168,1
4101,18524,0
4102,13590,1
4103,6486,0
4104,31019,0
4105,22549,0
4106,9674,0
4107,27680,0
4108,31049,0
4109,19923,0
4110,27966,0
4111,4651,0
4112,8654,1
4113,32003,0
4114,20155,0
4115,25753,0
4116,3428,0
4117,29891,0
4118,13492,0
4119,19665,0
4120,31740,0
4121,9335,0
4122,10952,1
4123,3925,0
4124,493,0
4125,98,0
4126,14515,0
4127,24415,0
4128,22999,0
4129,19388,0
4130,2005,0
4131,990,0
4132,12003,0
4133,11824,0
4134,16055,0
4135,19393,0
4136,26916,0
4137,21321,0
4138,26951,0
4139,18780,0
4140,9472,0
4141,17766,0
4142,9351,0
4143,7614,0
4144,12987,0
4145,13040,0
4146,11207,0
4147,1070,0
4148,2336,1
4149,20592,0
4150,8631,0
4151,6074,0
4152,11712,0
4153,8168,1
4154,11950,0
4155,25719,0
4156,29387,0
4157,16422,1
4158,10307,0
4159,13119,0
4160,2420,0
4161,2928,0
4162,20176,1
4163,9859,0
4164,4143,1
4165,5428,0
4166,5238,0
4167,32133,0
4168,14172,0
4169,11937,0
4170,20492,0
4171,6114,0
4172,16691,0
4173,2748,0
4174,7978,1
4175,1442,0
4176,1082,1
4177,11458,0
4178,26121,0
4179,11486,0
4180,17022,1
4181,20276,0
4182,13231,1
4183,27176,0
4184,26641,0
4185,21318,0
4186,21168,0
4187,10011,0
4188,1301,0
4189,603,0
4190,17160,0
4191,11471,0
4192,6054,0
4193,13619,0
4194,18946,0
4195,5707,0
4196,10131,0
4197,14084,0
4198,21886,0
4199,15177,0
4200,9486,0
4201,16280,0
4202,7987,0
4203,316,0
4204,9454,1
4205,7514,1
4206,12004,0
4207,26465,0
4208,849,0
4209,30432,0
4210,4282,0
4211,22445,0
4212,16271,0
4213,3981,0
4214,15249,0
4215,8226,0
4216,29839,0
4217,21048,0
4218,4868,0
4219,4157,0
4220,8066,0
4221,10719,1
4222,148,0
4223,16339,0
4224,12868,0
4225,21592,0
4226,4282,0
4227,3976,0
4228,16160,0
4229,7144,0
4230,11257,1
4231,10734,0
4232,15089,0
4233,9548,0
4234,13660,0
4235,25309,0
4236,18855,0
4237,31285,0
4238,29985,0
4239,8604,0
4240,13359,0
4241,28560,0
4242,31138,0
4243,15667,0
4244,8858,0
4245,3876,0
4246,88,0
4247,20662,0
4248,3452,0
4249,27902,0
4250,6488,0
4251,15706,0
4252,2662,0
4253,11720,1
4254,23955,0
4255,7468,0
4256,28200,0
4257,9489,0
4258,5380,0
4259,10049,0
4260,2781,0
4261,4891,0
4262,6310,0
4263,9418,0
4264,4761,1
4265,19244,1
4266,10722,0
4267,31431,0
4268,29801,0
4269,15038,0
4270,22114,0
4271,13752,0
4272,16795,1
4273,10531,0
4274,8580,0
4275,19014,0
4276,11940,0
4277,287,0
4278,28410,0
4279,15456,0
4280,25086,0
4281,2733,0
4282,2890,0
4283,9640,0
4284,2542,0
4285,3519,1
4286,5169,0
4287,28876,0
4288,9848,0
4289,3199,0
4290,21663,0
4291,24863,0
4292,30807,0
4293,18694,0
4294,22629,0
4295,8530,0
4296,27137,0
4297,12588,0
4298,28908,0
4299,7487,0
4300,11415,0
4301,29402,0
4302,13367,0
4303,32544,0
4304,11704,0
4305,32152,0
4306,3453,0
4307,3301,0
4308,11068,0
4309,30345,0
4310,5155,1
4311,7939,0
4312,12786,0
4313,9988,0
4314,6461,0
4315,8540,0
4316,15143,0
4317,522,0
4318,10175,0
4319,30434,0
4320,7205,0
4321,3524,0
4322,506,0
4323,12008,0
4324,6158,0
4325,29715,0
4326,16998,0
4327,11089,0
4328,841,0
4329,957,0
4330,9933,0
4331,5175,0
4332,27634,0
4333,8012,0
4334,5622,0
4335,18905,0
4336,18936,0
4337,9187,0
4338,11803,0
4339,27938,0
4340,10637,0
4341,22849,0
4342,31947,0
4343,21037,0
4344,3449,0
4345,1680,0
4346,14580,0
4347,2996,0
4348,18308,0
4349,17459,0
4350,1042,0
4351,6696,0
4352,12295,0
4353,5237,0
4354,7870,1
4355,12001,0
4356,22747,0
4357,17589,0
4358,6307,0
4359,11401,0
4360,4412,0
4361,15599,0
4362,5318,0
4363,5091,1
4364,1588,0
4365,11949,0
4366,26,0
4367,28585,0
4368,6451,1
4369,12081,0
4370,5266,0
4371,28414,0
4372,2026,0
4373,7288,0
4374,3277,0
4375,21028,0
4376,9193,0
4377,8545,0
4378,3327,0
4379,26943,0
4380,17494,0
4381,27881,0
4382,25113,0
4383,14557,0
4384,1754,0
4385,14309,0
4386,5960,0
4387,10483,0
4388,3304,0
4389,5817,0
4390,20726,0
4391,32092,0
4392,5691,0
4393,14328,0
4394,14454,0
4395,20673,0
4396,6253,0
4397,11388,0
4398,14411,0
4399,6170,0
4400,595,0
4401,12060,0
4402,4676,0
4403,30996,0
4404,5783,0
4405,6033,0
4406,5713,1
4407,26311,0
4408,162,0
4409,4206,0
4410,20619,0
4411,27961,0
4412,6032,0
4413,12478,0
4414,720,1
4415,15934,0
4416,5372,0
4417,8688,0
4418,27207,0
4419,7116,0
4420,5915,0
4421,17222,1
4422,14014,0
4423,30242,0
4424,26043,0
4425,11988,0
4426,5532,1
4427,14595,0
4428,8587,0
4429,24384,0
4430,15765,0
4431,10038,0
4432,23142,0
4433,32409,0
4434,614,0
4435,17240,0
4436,14204,0
4437,3818,0
4438,6193,1
4439,26023,0
4440,2155,0
4441,9905,0
4442,15019,0
4443,24184,0
4444,15757,0
4445,13180,0
4446,28453,0
4447,16056,0
4448,9838,0
4449,13559,1
4450,11077,1
4451,7901,0
4452,27334,1
4453,911,1
4454,22256,0
4455,529,1
4456,20366,1
4457,26070,0
4458,9202,0
4459,29183,0
4460,15480,0
4461,30809,0
4462,2630,0
4463,2989,0
4464,406,0
4465,16201,0
4466,26155,0
4467,10484,0
4468,15729,0
4469,12112,0
4470,1131,1
4471,28190,0
4472,15874,1
4473,1236,0
4474,11810,0
4475,19263,0
4476,9762,0
4477,311,0
4478,25810,0
4479,1308,0
4480,199,0
4481,17161,0
4482,3243,0
4483,26347,1
4484,17917,0
4485,3875,0
4486,26961,0
4487,25304,0
4488,5100,0
4489,2172,0
4490,17049,0
4491,25949,0
4492,22064,0
4493,13495,0
4494,2221,0
4495,4158,0
4496,30232,0
4497,1019,0
4498,4836,0
4499,928,0
4500,19036,0
4501,29508,0
4502,31702,0
4503,18697,0
4504,7247,0
4505,14061,0
4506,23969,1
4507,2710,0
4508,12555,1
4509,14469,0
4510,7721,0
4511,5421,0
4512,22190,0
4513,12468,0
4514,17926,0
4515,26591,1
4516,7340,0
4517,29695,0
4518,10981,0
4519,14354,0
4520,17063,0
4521,19610,0
4522,6546,0
4523,1047,0
4524,1135,0
4525,25386,0
4526,3444,0
4527,14381,0
4528,9104,0
4529,16564,0
4530,5543,0
4531,22748,1
4532,1614,0
4533,13733,0
4534,31455,0
4535,11763,0
4536,17612,1
4537,11375,0
4538,4524,0
4539,14182,0
4540,13726,1
4541,5596,1
4542,14565,1
4543,19227,0
4544,9778,0
4545,9053,0
4546,11350,1
4547,13272,0
4548,215,0
4549,7248,1
4550,11872,0
4551,23619,0
4552,6429,0
4553,1699,1
4554,15318,0
4555,6367,0
4556,3504,0
4557,23926,0
4558,2561,0
4559,4677,1
4560,6630,0
4561,16645,1
4562,24027,0
4563,12222,0
4564,16438,0
4565,32270,0
4566,2924,0
4567,14619,0
4568,6812,0
4569,2561,0
4570,14182,0
4571,9890,1
4572,19145,0
4573,25377,0
4574,10398,0
4575,11554,0
4576,19693,0
4577,12159,0
4578,1653,0
4579,9638,0
4580,9536,1
4581,23135,0
4582,9510,0
4583,10918,0
4584,1478,0
4585,3684,0
4586,19157,0
4587,6780,0
4588,20166,0
4589,10373,0
4590,16245,0
4591,2886,0
4592,29103,0
4593,28730,0
4594,12735,0
4595,22473,0
4596,10308,0
4597,12790,1
4598,18157,1
4599,10063,0
4600,8533,0
4601,17270,0
4602,20016,0
4603,15471,0
4604,27695,0
4605,18744,0
4606,12938,0
4607,31559,1
4608,14956,0
4609,7516,0
4610,14174,0
4611,11025,1
4612,1824,1
4613,21199,0
4614,4307,0
4615,11950,0
4616,28302,0
4617,14044,0
4618,4898,1
4619,10690,0
4620,29313,0
4621,16522,0
4622,8459,0
4623,18570,0
4624,21162,0
4625,2834,0
4626,15950,1
4627,14882,1
4628,9286,0
4629,27739,0
4630,1750,0
4631,7148,0
4632,20483,0
4633,21832,0
4634,18226,0
4635,4423,0
4636,14977,0
4637,22722,0
4638,4557,0
4639,18091,1
4640,29631,1
4641,22611,0
4642,6212,0
4643,19466,1
4644,9594,0
4645,13311,0
4646,26088,0
4647,5533,0
4648,17405,0
4649,3089,0
4650,7099,0
4651,12959,0
4652,3046,0
4653,4691,1
4654,3075,0
4655,9525,1
4656,17582,0
4657,27016,0
4658,6713,1
4659,1935,0
4660,12132,0
4661,25624,0
4662,4236,0
4663,30720,0
4664,24693,0
4665,10004,0
4666,13062,0
4667,10973,0
4668,12061,0
4669,20907,0
4670,19453,0
4671,2114,0
4672,12593,0
4673,4094,0
4674,24825,0
4675,30803,1
4676,4126,0
4677,9749,0
4678,3759,0
4679,16880,0
4680,14300,0
4681,2793,0
4682,14006,0
4683,16229,0
4684,9973,0
4685,11086,0
4686,6835,0
4687,13908,0
4688,10850,0
4689,1303,1
4690,10748,0
4691,5608,0
4692,15104,0
4693,19063,0
4694,17404,0
4695,5626,0
4696,26879,0
4697,578,1
4698,27721,0
4699,8156,0
4700,3004,0
4701,23252,0
4702,5451,0
4703,22895,0
4704,26313,0
4705,12144,0
4706,10021,0
4707,31994,0
4708,14989,0
4709,14895,0
4710,17889,1
4711,8731,0
4712,12335,0
4713,1366,0
4714,1598,0
4715,12165,0
4716,2127,0
4717,8664,0
4718,642,0
4719,24702,0
4720,5103,0
4721,17301,0
4722,1437,1
4723,20721,0
4724,21050,0
4725,1672,0
4726,11373,0
4727,8932,0
4728,16973,0
4729,104,0
4730,1784,0
4731,7000,1
4732,23804,0
4733,13597,0
4734,1932,0
4735,14396,0
4736,19189,0
4737,22548,1
4738,31729,0
4739,21404,0
4740,25656,0
4741,11130,0
4742,14992,0
4743,9494,0
4744,25300,1
4745,13575,0
4746,24131,1
4747,26354,0
4748,20197,0
4749,26697,1
4750,15971,0
4751,15458,0
4752,19457,1
4753,14280,0
4754,25558,0
4755,4165,0
4756,20902,1
4757,32172,0
4758,13868,1
4759,12846,0
4760,13527,0
4761,30286,0
4762,8755,1
4763,17479,0
4764,12507,0
4765,12257,0
4766,11208,0
4767,6619,0
4768,1542,0
4769,30767,0
4770,26929,1
4771,7134,0
4772,21106,0
4773,12963,0
4774,3264,0
4775,14951,0
4776,21921,0
4777,22750,1
4778,11984,0
4779,15287,0
4780,2780,1
4781,5065,0
4782,31280,1
4783,17191,0
4784,30120,0
4785,9696,0
4786,28056,0
4787,4568,1
4788,12276,0
4789,11018,0
4790,6074,0
4791,9424,0
4792,3876,0
4793,21412,0
4794,13452,0
4795,8262,0
4796,18492,0
4797,20741,0
4798,15560,1
4799,1057,0
4800,13831,1
4801,23200,0
4802,28108,0
4803,59,0
4804,5652,1
4805,30336,1
4806,6485,0
4807,11746,0
4808,29299,0
4809,28630,0
4810,7420,0
4811,3797,0
4812,27596,0
4813,10864,0
4814,198,1
4815,21533,0
4816,22863,0
4817,10615,0
4818,262,0
4819,9024,0
4820,3434,0
4821,6745,0
4822,9130,0
4823,9949,0
4824,29370,0
4825,25106,1
4826,6252,0
4827,6369,0
4828,13811,0
4829,7597,0
4830,1349,0
4831,2028,0
4832,10798,0
4833,17514,0
4834,16546,0
4835,27284,0
4836,296,0
4837,12900,0
4838,21990,0
4839,14151,0
4840,3281,0
4841,4222,0
4842,158,0
4843,7356,1
4844,8384,0
4845,20854,1
4846,10932,0
4847,11209,0
4848,5694,0
4849,3427,0
4850,23986,1
4851,15021,1
4852,10533,1
4853,23947,0
4854,27181,0
4855,9399,0
4856,4689,1
4857,30867,0
4858,8957,0
4859,3953,0
4860,15405,0
4861,19108,0
4862,25906,1
4863,3674,0
4864,11878,0
4865,232,0
4866,15770,1
4867,3727,0
4868,21917,0
4869,7970,0
4870,10213,0
4871,11118,0
4872,2812,1
4873,5319,0
4874,8913,0
4875,15529,0
4876,7788,0
4877,6998,0
4878,12311,0
4879,30960,0
4880,1907,0
4881,6514,0
4882,16224,1
4883,27551,0
4884,16081,0
4885,18343,0
4886,11046,0
4887,25990,0
4888,17489,1
4889,15280,0
4890,15465,1
4891,18499,0
4892,7185,1
4893,15004,1
4894,2053,0
4895,2806,0
4896,30029,0
4897,14107,0
4898,9008,0
4899,987,0
4900,16531,0
4901,1861,0
4902,29331,1
4903,3844,0
4904,16383,1
4905,6102,0
4906,13433,0
4907,30347,0
4908,11699,0
4909,17545,0
4910,26956,0
4911,1464,0
4912,12247,0
4913,14546,0
4914,23569,0
4915,32326,1
4916,5566,1
4917,2462,1
4918,13663,0
4919,23159,0
4920,16238,0
4921,29869,0
4922,15622,0
4923,3003,0
4924,3684,0
4925,7786,0
4926,22113,0
4927,12466,0
4928,9061,0
4929,7332,0
4930,16195,0
4931,12002,0
4932,11248,0
4933,4995,0
4934,16271,1
4935,8311,0
4936,16441,0
4937,22485,0
4938,22269,1
4939,15731,0
4940,29761,0
4941,10504,0
4942,9633,0
4943,28734,0
4944,18255,0
4945,13823,0
4946,380,0
4947,23978,1
4948,7528,0
4949,29607,0
4950,21759,0
4951,9981,0
4952,16398,0
4953,31880,0
4954,9575,0
4955,1148,0
4956,4078,1
4957,11983,0
4958,4940,0
4959,22865,0
4960,12503,0
4961,5080,0
4962,31534,0
4963,9821,0
4964,31708,0
4965,6875,0
4966,12725,0
4967,31143,0
4968,10474,0
4969,14903,0
4970,20365,1
4971,11093,1
4972,1005,0
4973,21763,0
4974,27800,0
4975,15998,0
4976,7301,0
4977,324,0
4978,29451,0
4979,11199,0
4980,28519,0
4981,15600,0
4982,2576,0
4983,29285,1
4984,22939,0
4985,11343,1
4986,1673,0
4987,15179,0
4988,25805,0
4989,9124,0
4990,14750,1
4991,7681,0
4992,7949,0
4993,2,0
4994,11966,0
4995,16832,1
4996,24330,0
4997,1320,0
4998,14100,0
4999,2176,0
